<?xml version="1.0" encoding="UTF-8"?>
<project-private xmlns="http://www.netbeans.org/ns/project-private/1">
    <editor-bookmarks xmlns="http://www.netbeans.org/ns/editor-bookmarks/2" lastBookmarkId="0"/>
    <open-files xmlns="http://www.netbeans.org/ns/projectui-open-files/2">
        <group>
            <file>file:/C:/Users/telli/Desktop/Stard_IUT/StardewValleyBonneVersion/src/stardewvalley/ControleursObservateurs/Controlers/ControlerDeplacementClavier.java</file>
            <file>file:/C:/Users/telli/Desktop/Stard_IUT/StardewValleyBonneVersion/src/stardewvalley/ControleursObservateurs/Observers/Observer.java</file>
            <file>file:/C:/Users/telli/Desktop/Stard_IUT/StardewValleyBonneVersion/src/stardewvalley/ControleursObservateurs/Listeners/ListenerClavier.java</file>
            <file>file:/C:/Users/telli/Desktop/Stard_IUT/StardewValleyBonneVersion/src/stardewvalley/Vues/VuePersonnage.java</file>
            <file>file:/C:/Users/telli/Desktop/Stard_IUT/StardewValleyBonneVersion/src/stardewvalley/ControleursObservateurs/Observers/ObeserverChangementScene.java</file>
            <file>file:/C:/Users/telli/Desktop/Stard_IUT/StardewValleyBonneVersion/src/stardewvalley/ControleursObservateurs/Observers/ObserverMouvementPerso.java</file>
            <file>file:/C:/Users/telli/Desktop/Stard_IUT/StardewValleyBonneVersion/src/stardewvalley/Vues/Scenes/pScenePartie/ScenePartie.java</file>
            <file>file:/C:/Users/telli/Desktop/Stard_IUT/StardewValleyBonneVersion/src/stardewvalley/ControleursObservateurs/Controlers/Controler.java</file>
            <file>file:/C:/Users/telli/Desktop/Stard_IUT/StardewValleyBonneVersion/src/stardewvalley/ControleursObservateurs/Controlers/ControleurCreerPartie.java</file>
        </group>
    </open-files>
</project-private>
